[
  {
    "inputs": [
      { "internalType": "address", "name": "admin", "type": "address" },
      { "internalType": "uint256", "name": "_minUpdateInterval", "type": "uint256" }
    ],
    "stateMutability": "nonpayable",
    "type": "constructor"
  },
  {
    "inputs": [],
    "name": "AccessControlBadConfirmation",
    "type": "error"
  },
  {
    "inputs": [
      { "internalType": "address", "name": "account", "type": "address" },
      { "internalType": "bytes32", "name": "neededRole", "type": "bytes32" }
    ],
    "name": "AccessControlUnauthorizedAccount",
    "type": "error"
  },
  {
    "anonymous": false,
    "inputs": [
      { "indexed": false, "internalType": "uint256", "name": "oldInterval", "type": "uint256" },
      { "indexed": false, "internalType": "uint256", "name": "newInterval", "type": "uint256" }
    ],
    "name": "MinUpdateIntervalChanged",
    "type": "event"
  },
  {
    "anonymous": false,
    "inputs": [
      { "indexed": false, "internalType": "uint256", "name": "oldRate", "type": "uint256" },
      { "indexed": false, "internalType": "uint256", "name": "newRate", "type": "uint256" }
    ],
    "name": "MaxPriceChangeRateChanged",
    "type": "event"
  },
  {
    "anonymous": false,
    "inputs": [
      { "indexed": false, "internalType": "uint256", "name": "goldPrice", "type": "uint256" },
      { "indexed": false, "internalType": "uint256", "name": "silverPrice", "type": "uint256" },
      { "indexed": false, "internalType": "uint256", "name": "platinumPrice", "type": "uint256" },
      { "indexed": false, "internalType": "uint256", "name": "palladiumPrice", "type": "uint256" },
      { "indexed": false, "internalType": "uint256", "name": "timestamp", "type": "uint256" }
    ],
    "name": "MetalPricesRecorded",
    "type": "event"
  },
  {
    "anonymous": false,
    "inputs": [
      { "indexed": false, "internalType": "uint256", "name": "pricePerOzE6", "type": "uint256" },
      { "indexed": false, "internalType": "uint256", "name": "timestamp", "type": "uint256" },
      { "indexed": true, "internalType": "address", "name": "updater", "type": "address" }
    ],
    "name": "PriceUpdated",
    "type": "event"
  },
  {
    "inputs": [],
    "name": "ADMIN_ROLE",
    "outputs": [{ "internalType": "bytes32", "name": "", "type": "bytes32" }],
    "stateMutability": "view",
    "type": "function"
  },
  {
    "inputs": [],
    "name": "DEFAULT_ADMIN_ROLE",
    "outputs": [{ "internalType": "bytes32", "name": "", "type": "bytes32" }],
    "stateMutability": "view",
    "type": "function"
  },
  {
    "inputs": [],
    "name": "ORACLE_ROLE",
    "outputs": [{ "internalType": "bytes32", "name": "", "type": "bytes32" }],
    "stateMutability": "view",
    "type": "function"
  },
  {
    "inputs": [],
    "name": "getPricePerOzE6",
    "outputs": [{ "internalType": "uint256", "name": "", "type": "uint256" }],
    "stateMutability": "view",
    "type": "function"
  },
  {
    "inputs": [],
    "name": "getPriceData",
    "outputs": [
      { "internalType": "uint256", "name": "price", "type": "uint256" },
      { "internalType": "uint256", "name": "updatedAt", "type": "uint256" },
      { "internalType": "uint8", "name": "decimals", "type": "uint8" }
    ],
    "stateMutability": "view",
    "type": "function"
  },
  {
    "inputs": [],
    "name": "getMetalPrices",
    "outputs": [
      { "internalType": "uint256", "name": "gold", "type": "uint256" },
      { "internalType": "uint256", "name": "silver", "type": "uint256" },
      { "internalType": "uint256", "name": "platinum", "type": "uint256" },
      { "internalType": "uint256", "name": "palladium", "type": "uint256" }
    ],
    "stateMutability": "view",
    "type": "function"
  },
  {
    "inputs": [{ "internalType": "address", "name": "oracle", "type": "address" }],
    "name": "grantOracleRole",
    "outputs": [],
    "stateMutability": "nonpayable",
    "type": "function"
  },
  {
    "inputs": [{ "internalType": "bytes32", "name": "role", "type": "bytes32" }],
    "name": "getRoleAdmin",
    "outputs": [{ "internalType": "bytes32", "name": "", "type": "bytes32" }],
    "stateMutability": "view",
    "type": "function"
  },
  {
    "inputs": [
      { "internalType": "bytes32", "name": "role", "type": "bytes32" },
      { "internalType": "address", "name": "account", "type": "address" }
    ],
    "name": "grantRole",
    "outputs": [],
    "stateMutability": "nonpayable",
    "type": "function"
  },
  {
    "inputs": [
      { "internalType": "bytes32", "name": "role", "type": "bytes32" },
      { "internalType": "address", "name": "account", "type": "address" }
    ],
    "name": "hasRole",
    "outputs": [{ "internalType": "bool", "name": "", "type": "bool" }],
    "stateMutability": "view",
    "type": "function"
  },
  {
    "inputs": [{ "internalType": "uint256", "name": "maxAge", "type": "uint256" }],
    "name": "isStale",
    "outputs": [{ "internalType": "bool", "name": "", "type": "bool" }],
    "stateMutability": "view",
    "type": "function"
  },
  {
    "inputs": [],
    "name": "lastUpdateAt",
    "outputs": [{ "internalType": "uint256", "name": "", "type": "uint256" }],
    "stateMutability": "view",
    "type": "function"
  },
  {
    "inputs": [],
    "name": "maxPriceChangeRate",
    "outputs": [{ "internalType": "uint256", "name": "", "type": "uint256" }],
    "stateMutability": "view",
    "type": "function"
  },
  {
    "inputs": [],
    "name": "minUpdateInterval",
    "outputs": [{ "internalType": "uint256", "name": "", "type": "uint256" }],
    "stateMutability": "view",
    "type": "function"
  },
  {
    "inputs": [
      { "internalType": "bytes32", "name": "role", "type": "bytes32" },
      { "internalType": "address", "name": "callerConfirmation", "type": "address" }
    ],
    "name": "renounceRole",
    "outputs": [],
    "stateMutability": "nonpayable",
    "type": "function"
  },
  {
    "inputs": [
      { "internalType": "bytes32", "name": "role", "type": "bytes32" },
      { "internalType": "address", "name": "account", "type": "address" }
    ],
    "name": "revokeRole",
    "outputs": [],
    "stateMutability": "nonpayable",
    "type": "function"
  },
  {
    "inputs": [{ "internalType": "address", "name": "oracle", "type": "address" }],
    "name": "revokeOracleRole",
    "outputs": [],
    "stateMutability": "nonpayable",
    "type": "function"
  },
  {
    "inputs": [{ "internalType": "uint256", "name": "rate", "type": "uint256" }],
    "name": "setMaxPriceChangeRate",
    "outputs": [],
    "stateMutability": "nonpayable",
    "type": "function"
  },
  {
    "inputs": [{ "internalType": "uint256", "name": "interval", "type": "uint256" }],
    "name": "setMinUpdateInterval",
    "outputs": [],
    "stateMutability": "nonpayable",
    "type": "function"
  },
  {
    "inputs": [{ "internalType": "uint256", "name": "newPricePerOzE6", "type": "uint256" }],
    "name": "setPricePerOzE6",
    "outputs": [],
    "stateMutability": "nonpayable",
    "type": "function"
  },
  {
    "inputs": [
      { "internalType": "uint256", "name": "newPricePerOzE6", "type": "uint256" },
      { "internalType": "uint256", "name": "goldPrice", "type": "uint256" },
      { "internalType": "uint256", "name": "silverPrice", "type": "uint256" },
      { "internalType": "uint256", "name": "platinumPrice", "type": "uint256" },
      { "internalType": "uint256", "name": "palladiumPrice", "type": "uint256" }
    ],
    "name": "setPriceWithMetals",
    "outputs": [],
    "stateMutability": "nonpayable",
    "type": "function"
  },
  {
    "inputs": [{ "internalType": "bytes4", "name": "interfaceId", "type": "bytes4" }],
    "name": "supportsInterface",
    "outputs": [{ "internalType": "bool", "name": "", "type": "bool" }],
    "stateMutability": "view",
    "type": "function"
  }
]
